{
  "SARIMA": 7.321740400526624,
  "Prophet": 6.188557060352361,
  "Baseline": 9.004901159019555
}