{
  "xgboost_mape": 1.2281653324411743,
  "prophet_mape": 9.004901159019555,
  "sarima_mape": 13.564610382479048,
  "ensemble_mape": 1.857029076819601,
  "ensemble_type": "Weighted",
  "best_model": "XGBoost"
}