{
  "mape": 9.072508853740937,
  "mae": 1087.3396093750002,
  "rmse": 1212.4396600222515,
  "epochs_trained": 15
}